age,sex,bmi,children,smoker,region,charges
19.0,female,27.9,0.0,yes,southwest,16884.924
18.0,male,33.77,1.0,no,southeast,1725.5523
28.0,male,,3.0,no,southeast,4449.462
33.0,male,,0.0,no,northwest,21984.47061
32.0,male,28.88,0.0,no,northwest,3866.8552
,female,25.74,,no,southeast,3756.6216
46.0,,33.44,1.0,no,southeast,
37.0,female,27.74,3.0,no,northwest,7281.5056
37.0,,29.83,2.0,no,,6406.4107
60.0,female,25.84,0.0,no,northwest,28923.13692
25.0,male,26.22,0.0,no,northeast,2721.3208
62.0,female,26.29,0.0,yes,southeast,27808.7251
23.0,male,34.4,0.0,no,southwest,
56.0,female,39.82,0.0,no,southeast,11090.7178
27.0,male,42.13,0.0,yes,southeast,39611.7577
19.0,male,24.6,1.0,no,southwest,1837.237
,female,30.78,1.0,no,northeast,10797.3362
23.0,,23.845,0.0,no,,
56.0,male,40.3,0.0,no,southwest,10602.385
30.0,male,35.3,0.0,yes,southwest,
60.0,female,36.005,0.0,no,northeast,13228.84695
30.0,female,32.4,1.0,no,southwest,4149.736
18.0,male,34.1,0.0,no,,1137.011
34.0,female,31.92,1.0,yes,northeast,37701.8768
37.0,male,28.025,2.0,,northwest,6203.90175
59.0,female,27.72,3.0,no,,14001.1338
63.0,female,23.085,0.0,no,northeast,14451.83515
55.0,female,,,no,northwest,12268.63225
23.0,male,17.385,,no,northwest,2775.19215
31.0,male,,2.0,yes,,38711.0
,male,35.6,0.0,yes,southwest,35585.576
18.0,female,26.315,0.0,no,northeast,
19.0,female,28.6,,no,southwest,4687.797
63.0,male,28.31,0.0,no,northwest,13770.0979
28.0,male,36.4,1.0,yes,southwest,
19.0,male,20.425,,no,northwest,1625.43375
62.0,female,32.965,3.0,,northwest,15612.19335
26.0,male,20.8,0.0,no,southwest,2302.3
35.0,,36.67,1.0,yes,northeast,
60.0,male,39.9,0.0,yes,southwest,48173.361
24.0,female,,0.0,no,northeast,3046.062
31.0,female,36.63,2.0,no,southeast,4949.7587
41.0,male,21.78,,no,southeast,6272.4772
37.0,female,30.8,2.0,,southeast,6313.759
38.0,male,37.05,,no,northeast,6079.6715
55.0,male,37.3,0.0,no,southwest,
18.0,female,38.665,2.0,no,northeast,3393.35635
28.0,female,34.77,0.0,no,northwest,3556.9223
60.0,female,24.53,0.0,no,southeast,12629.8967
36.0,male,35.2,1.0,,southeast,38709.176
,female,35.625,,,northeast,2211.13075
21.0,female,33.63,2.0,no,northwest,3579.8287
48.0,male,28.0,1.0,,southwest,23568.272
36.0,male,34.43,0.0,yes,southeast,37742.5757
40.0,female,28.69,3.0,no,northwest,8059.6791
58.0,male,36.955,2.0,yes,northwest,47496.49445
58.0,female,31.825,2.0,no,northeast,13607.36875
18.0,male,31.68,2.0,yes,southeast,34303.1672
53.0,female,22.88,1.0,yes,southeast,23244.7902
34.0,female,37.335,2.0,no,northwest,5989.52365
43.0,male,27.36,,no,northeast,8606.2174
25.0,male,33.66,4.0,no,southeast,4504.6624
64.0,male,24.7,1.0,,,30166.61817
,female,25.935,1.0,no,northwest,4133.64165
20.0,female,22.42,,yes,northwest,14711.7438
,female,28.9,0.0,no,southwest,1743.214
61.0,female,39.1,2.0,no,southwest,14235.072
40.0,male,26.315,,no,northwest,6389.37785
40.0,female,,0.0,no,southeast,5920.1041
28.0,male,23.98,3.0,yes,southeast,17663.1442
27.0,,24.75,0.0,yes,southeast,16577.7795
31.0,,28.5,5.0,no,northeast,6799.458
53.0,female,28.1,,no,,11741.726
58.0,male,32.01,1.0,no,southeast,11946.6259
44.0,male,27.4,2.0,no,southwest,
57.0,male,34.01,0.0,no,northwest,11356.6609
29.0,female,29.59,1.0,no,southeast,3947.4131
21.0,male,35.53,0.0,no,southeast,1532.4697
,female,39.805,0.0,no,northeast,2755.02095
41.0,female,32.965,0.0,no,northwest,6571.02435
31.0,male,26.885,1.0,no,northeast,
45.0,female,38.285,,no,northeast,7935.29115
22.0,male,37.62,1.0,yes,southeast,37165.1638
48.0,female,41.23,4.0,no,,11033.6617
37.0,female,34.8,2.0,yes,southwest,39836.519
45.0,male,22.895,2.0,yes,northwest,21098.55405
57.0,female,31.16,0.0,,northwest,43578.9394
56.0,,27.2,0.0,no,southwest,
,female,27.74,0.0,no,northwest,8026.6666
55.0,,26.98,0.0,no,northwest,11082.5772
21.0,female,39.49,0.0,no,southeast,2026.9741
53.0,,24.795,1.0,no,northwest,10942.13205
59.0,male,29.83,3.0,yes,northeast,30184.9367
35.0,male,34.77,,no,northwest,5729.0053
64.0,female,31.3,2.0,yes,southwest,47291.055
28.0,,37.62,1.0,no,southeast,3766.8838
54.0,female,30.8,3.0,no,southwest,12105.32
55.0,male,38.28,0.0,,southeast,10226.2842
56.0,,19.95,0.0,yes,northeast,22412.6485
38.0,male,19.3,0.0,yes,southwest,15820.699
41.0,female,31.6,0.0,no,southwest,6186.127
30.0,male,25.46,,,northeast,
,,30.115,0.0,no,northeast,21344.8467
61.0,female,29.92,3.0,yes,southeast,30942.1918
,female,27.5,1.0,no,southwest,5003.853
20.0,male,28.025,1.0,yes,northwest,17560.37975
19.0,female,28.4,,no,southwest,2331.519
26.0,male,30.875,2.0,no,northwest,3877.30425
29.0,male,27.94,0.0,no,southeast,
63.0,male,35.09,0.0,yes,,47055.5321
54.0,male,33.63,1.0,no,northwest,10825.2537
,female,29.7,2.0,no,southwest,11881.358
37.0,male,30.8,0.0,no,southwest,4646.759
21.0,female,35.72,0.0,no,northwest,2404.7338
52.0,,,,no,northeast,11488.31695
60.0,male,28.595,0.0,,northeast,30259.99556
58.0,,49.06,0.0,no,southeast,11381.3254
,female,,1.0,yes,,19107.7796
49.0,female,27.17,0.0,,southeast,8601.3293
37.0,female,23.37,2.0,no,northwest,6686.4313
44.0,male,37.1,2.0,no,,7740.337
18.0,male,,0.0,no,northeast,1705.6245
20.0,female,28.975,0.0,no,northwest,2257.47525
44.0,,31.35,1.0,yes,northeast,39556.4945
47.0,,33.915,3.0,no,northwest,10115.00885
26.0,female,,0.0,,northeast,3385.39915
,female,28.3,0.0,yes,southwest,17081.08
52.0,female,37.4,0.0,no,southwest,9634.538
32.0,female,17.765,2.0,yes,northwest,32734.1863
38.0,male,34.7,2.0,no,southwest,6082.405
59.0,female,26.505,0.0,no,northeast,12815.44495
61.0,female,22.04,0.0,no,northeast,13616.3586
53.0,female,35.9,2.0,no,southwest,11163.568
19.0,male,25.555,,no,,
20.0,female,28.785,0.0,no,northeast,2457.21115
22.0,female,28.05,0.0,,southeast,2155.6815
,male,34.1,0.0,no,southwest,1261.442
22.0,male,25.175,,no,northwest,2045.68525
,female,31.9,3.0,no,southeast,27322.73386
22.0,female,36.0,0.0,no,southwest,2166.732
34.0,male,22.42,,no,northeast,27375.90478
26.0,male,32.49,1.0,no,northeast,3490.5491
34.0,male,,2.0,yes,,18972.495
29.0,male,29.735,2.0,no,northwest,
30.0,male,28.69,3.0,,northwest,20745.9891
29.0,female,38.83,3.0,no,southeast,5138.2567
46.0,male,30.495,,yes,,40720.55105
51.0,female,37.73,1.0,no,southeast,
53.0,female,37.43,1.0,,northwest,10959.6947
,male,28.4,,no,southwest,
35.0,,24.13,1.0,no,northwest,5125.2157
48.0,male,29.7,0.0,no,southeast,7789.635
32.0,female,37.145,3.0,,northeast,6334.34355
42.0,female,23.37,0.0,yes,northeast,19964.7463
40.0,female,,1.0,no,northeast,7077.1894
44.0,male,39.52,0.0,no,northwest,6948.7008
48.0,male,24.42,,yes,southeast,21223.6758
,male,25.175,,yes,northeast,15518.18025
30.0,male,35.53,0.0,yes,southeast,36950.2567
50.0,female,27.83,3.0,no,southeast,19749.38338
42.0,female,26.6,0.0,,northwest,21348.706
18.0,female,36.85,0.0,yes,southeast,36149.4835
54.0,male,39.6,1.0,,southwest,10450.552
32.0,female,29.8,2.0,no,southwest,5152.134
,male,29.64,0.0,no,northwest,5028.1466
47.0,male,28.215,4.0,no,northeast,
20.0,female,,5.0,no,southwest,4830.63
32.0,female,33.155,3.0,no,northwest,6128.79745
19.0,female,31.825,1.0,no,northwest,2719.27975
27.0,male,,,no,northeast,4827.90495
63.0,male,41.47,0.0,no,southeast,13405.3903
49.0,male,30.3,0.0,no,southwest,8116.68
,male,15.96,0.0,no,northeast,1694.7964
35.0,female,34.8,1.0,no,southwest,5246.047
24.0,female,33.345,0.0,no,northwest,2855.43755
63.0,female,,0.0,yes,southwest,48824.45
38.0,male,27.835,2.0,no,northwest,6455.86265
54.0,male,29.2,1.0,no,southwest,10436.096
46.0,female,28.9,2.0,no,southwest,8823.279
41.0,female,33.155,3.0,no,northeast,8538.28845
58.0,male,,0.0,no,northwest,
18.0,female,38.28,,no,southeast,1631.8212
22.0,male,19.95,3.0,no,northeast,4005.4225
44.0,female,,0.0,no,northwest,7419.4779
44.0,male,30.69,,no,southeast,7731.4271
36.0,male,41.895,3.0,yes,northeast,
26.0,female,29.92,2.0,no,southeast,3981.9768
30.0,female,30.9,3.0,no,southwest,5325.651
41.0,female,32.2,1.0,no,southwest,6775.961
29.0,female,32.11,2.0,no,northwest,4922.9159
61.0,male,31.57,0.0,no,southeast,12557.6053
36.0,female,26.2,,no,southwest,
25.0,male,25.74,0.0,no,southeast,2137.6536
56.0,female,26.6,1.0,no,northwest,12044.342
18.0,male,34.43,0.0,no,southeast,1137.4697
19.0,male,30.59,0.0,no,,1639.5631
,female,32.8,0.0,no,southwest,5649.715
45.0,female,28.6,2.0,no,southeast,8516.829
51.0,,18.05,0.0,no,northwest,9644.2525
64.0,female,39.33,0.0,no,northeast,
19.0,female,32.11,0.0,no,northwest,2130.6759
48.0,,32.23,1.0,no,southeast,8871.1517
60.0,female,24.035,0.0,no,northwest,13012.20865
27.0,female,36.08,0.0,yes,southeast,37133.8982
46.0,male,22.3,0.0,no,southwest,
28.0,female,28.88,1.0,no,northeast,4337.7352
59.0,male,26.4,0.0,no,southeast,11743.299
35.0,male,27.74,2.0,yes,northeast,20984.0936
63.0,female,31.8,,,southwest,13880.949
40.0,male,41.23,1.0,no,,6610.1097
20.0,male,,1.0,no,southwest,1980.07
40.0,male,30.875,4.0,no,northwest,
24.0,,28.5,2.0,no,northwest,3537.703
,female,26.73,1.0,no,southeast,5002.7827
45.0,,30.9,2.0,no,southwest,8520.026
41.0,female,37.1,2.0,,southwest,7371.772
53.0,female,26.6,0.0,no,northwest,
27.0,male,23.1,0.0,no,southeast,2483.736
,female,29.92,1.0,no,southeast,3392.9768
24.0,female,23.21,0.0,no,southeast,
34.0,female,33.7,1.0,no,southwest,5012.471
53.0,female,,0.0,no,northeast,10564.8845
32.0,male,30.8,3.0,no,southwest,5253.524
19.0,male,34.8,0.0,yes,southwest,34779.615
42.0,male,,0.0,yes,,19515.5416
55.0,male,33.88,,no,southeast,11987.1682
28.0,male,38.06,0.0,no,southeast,2689.4954
58.0,,41.91,0.0,no,southeast,24227.33724
41.0,female,31.635,1.0,no,northeast,7358.17565
47.0,male,25.46,2.0,no,northeast,9225.2564
42.0,female,36.195,1.0,no,northwest,7443.64305
59.0,female,,3.0,no,,14001.2867
19.0,female,17.8,0.0,no,southwest,1727.785
59.0,male,27.5,1.0,no,southwest,12333.828
39.0,male,24.51,,no,northwest,6710.1919
,female,22.22,2.0,yes,southeast,19444.2658
18.0,female,26.73,0.0,no,southeast,1615.7667
31.0,male,38.39,2.0,no,southeast,4463.2051
19.0,male,29.07,,yes,northwest,17352.6803
44.0,male,,,no,southeast,7152.6714
,female,36.67,2.0,,northeast,38511.6283
33.0,female,22.135,1.0,no,northeast,5354.07465
55.0,female,26.8,1.0,no,southwest,
40.0,male,35.3,3.0,no,southwest,7196.867
63.0,female,,0.0,yes,northeast,29523.1656
54.0,,30.02,0.0,no,northwest,24476.47851
60.0,female,38.06,0.0,no,,12648.7034
24.0,male,35.86,,no,southeast,1986.9334
19.0,male,20.9,1.0,no,southwest,1832.094
29.0,male,28.975,1.0,no,northeast,4040.55825
18.0,male,17.29,2.0,yes,northeast,12829.4551
63.0,female,32.2,2.0,yes,southwest,47305.305
54.0,male,34.21,2.0,yes,,44260.7499
27.0,male,30.3,3.0,no,southwest,4260.744
50.0,male,31.825,0.0,yes,northeast,41097.16175
55.0,female,,3.0,no,northeast,13047.33235
56.0,male,,,yes,northwest,43921.1837
38.0,female,40.15,0.0,no,southeast,5400.9805
51.0,male,24.415,4.0,no,northwest,11520.09985
,male,31.92,0.0,yes,northwest,33750.2918
58.0,female,25.2,0.0,no,southwest,11837.16
20.0,,26.84,1.0,yes,southeast,17085.2676
52.0,male,,3.0,yes,northeast,24869.8368
19.0,male,36.955,0.0,yes,northwest,36219.40545
53.0,female,38.06,3.0,no,southeast,20462.99766
46.0,male,42.35,3.0,yes,,
40.0,male,19.8,1.0,yes,southeast,17179.522
59.0,female,32.395,,,northeast,14590.63205
45.0,male,30.2,1.0,no,southwest,7441.053
49.0,male,25.84,1.0,no,northeast,9282.4806
18.0,male,29.37,1.0,no,southeast,1719.4363
50.0,male,34.2,2.0,yes,southwest,42856.838
41.0,male,37.05,2.0,,northwest,7265.7025
50.0,male,27.455,1.0,,northeast,9617.66245
25.0,male,27.55,0.0,,northwest,2523.1695
47.0,female,26.6,2.0,no,northeast,9715.841
19.0,male,20.615,2.0,no,northwest,
,female,24.3,,no,southwest,2150.469
59.0,male,31.79,2.0,no,southeast,12928.7911
51.0,female,21.56,1.0,no,southeast,9855.1314
40.0,female,28.12,1.0,yes,northeast,22331.5668
54.0,male,40.565,3.0,yes,northeast,48549.17835
30.0,male,27.645,1.0,no,northeast,4237.12655
55.0,female,32.395,1.0,no,northeast,11879.10405
52.0,female,31.2,0.0,no,southwest,9625.92
46.0,,26.62,1.0,,southeast,7742.1098
46.0,female,48.07,2.0,no,northeast,9432.9253
,female,26.22,0.0,no,northwest,14256.1928
59.0,,36.765,1.0,yes,northeast,47896.79135
52.0,male,26.4,3.0,no,southeast,25992.82104
28.0,female,33.4,0.0,no,southwest,3172.018
29.0,male,29.64,1.0,no,northeast,20277.80751
25.0,,45.54,2.0,,southeast,42112.2356
22.0,female,28.82,0.0,no,southeast,2156.7518
25.0,male,26.8,3.0,no,southwest,3906.127
18.0,male,22.99,0.0,no,northeast,1704.5681
19.0,male,27.7,0.0,yes,southwest,16297.846
47.0,male,25.41,1.0,yes,southeast,21978.6769
31.0,male,34.39,3.0,yes,northwest,
48.0,female,28.88,,no,northwest,9249.4952
36.0,male,27.55,3.0,no,northeast,
53.0,,22.61,3.0,yes,northeast,24873.3849
56.0,female,37.51,2.0,no,southeast,12265.5069
,female,33.0,2.0,no,southeast,4349.462
57.0,female,38.0,2.0,no,,12646.207
29.0,male,33.345,2.0,no,northwest,19442.3535
28.0,female,27.5,2.0,no,,20177.67113
,female,33.33,1.0,,southeast,4151.0287
58.0,male,,,,northeast,11944.59435
41.0,female,33.06,2.0,no,northwest,
50.0,male,26.6,0.0,no,southwest,8444.474
19.0,female,24.7,0.0,no,southwest,1737.376
43.0,male,35.97,3.0,yes,southeast,42124.5153
49.0,male,35.86,0.0,no,southeast,8124.4084
27.0,female,31.4,0.0,yes,southwest,34838.873
52.0,male,,0.0,,northeast,9722.7695
50.0,male,32.205,0.0,no,northwest,8835.26495
54.0,male,32.775,0.0,no,northeast,10435.06525
44.0,female,27.645,0.0,no,northwest,7421.19455
32.0,,37.335,,no,northeast,4667.60765
,male,25.27,1.0,,northwest,4894.7533
26.0,female,29.64,4.0,no,northeast,24671.66334
34.0,male,30.8,0.0,yes,southwest,
57.0,male,40.945,,no,northeast,
29.0,male,27.2,,,southwest,2866.091
40.0,male,34.105,1.0,,northeast,6600.20595
27.0,female,23.21,1.0,no,southeast,3561.8889
45.0,male,36.48,2.0,yes,northwest,42760.5022
64.0,female,33.8,1.0,yes,southwest,47928.03
52.0,,36.7,,no,southwest,9144.565
61.0,female,36.385,1.0,yes,northeast,
52.0,male,27.36,0.0,yes,northwest,24393.6224
,female,31.16,0.0,no,northwest,13429.0354
56.0,female,28.785,0.0,no,northeast,11658.37915
43.0,female,,2.0,no,northeast,19144.57652
64.0,male,34.5,0.0,no,southwest,13822.803
60.0,male,25.74,0.0,no,southeast,12142.5786
62.0,male,,1.0,no,northwest,13937.6665
50.0,male,32.3,1.0,yes,northeast,41919.097
46.0,female,27.72,1.0,no,southeast,8232.6388
24.0,female,27.6,0.0,,southwest,18955.22017
62.0,male,30.02,,no,northwest,13352.0998
60.0,female,27.55,0.0,no,northeast,13217.0945
63.0,male,36.765,0.0,no,northeast,13981.85035
49.0,female,41.47,4.0,no,southeast,10977.2063
34.0,female,29.26,3.0,,southeast,6184.2994
33.0,male,35.75,2.0,no,southeast,
46.0,male,33.345,1.0,,northeast,8334.45755
,female,29.92,1.0,no,southeast,5478.0368
19.0,male,27.835,0.0,no,northwest,1635.73365
57.0,female,23.18,0.0,no,northwest,11830.6072
50.0,female,,0.0,,southwest,
30.0,female,27.7,0.0,no,southwest,3554.203
33.0,male,35.245,0.0,no,northeast,
18.0,female,38.28,0.0,no,southeast,14133.03775
46.0,male,27.6,0.0,no,southwest,24603.04837
46.0,male,43.89,3.0,no,southeast,8944.1151
,male,29.83,3.0,no,northwest,9620.3307
23.0,male,41.91,0.0,no,southeast,1837.2819
18.0,female,20.79,0.0,no,southeast,
48.0,,32.3,2.0,no,northeast,10043.249
35.0,male,30.5,1.0,no,southwest,4751.07
19.0,female,21.7,0.0,yes,southwest,13844.506
21.0,female,26.4,1.0,no,southwest,2597.779
21.0,female,21.89,,no,southeast,3180.5101
,female,30.78,1.0,no,northeast,9778.3472
56.0,female,32.3,3.0,no,,13430.265
42.0,female,24.985,,,northwest,8017.06115
44.0,male,32.015,2.0,no,northwest,8116.26885
18.0,male,30.4,3.0,no,northeast,3481.868
,female,21.09,0.0,no,northwest,13415.0381
57.0,female,22.23,0.0,no,northeast,12029.2867
42.0,,33.155,1.0,no,northeast,7639.41745
26.0,male,32.9,2.0,yes,southwest,36085.219
20.0,male,33.33,0.0,no,southeast,1391.5287
23.0,female,28.31,,yes,northwest,18033.9679
39.0,female,,3.0,,northeast,21659.9301
24.0,male,40.15,0.0,yes,southeast,38126.2465
64.0,female,30.115,,,northwest,16455.70785
62.0,male,31.46,1.0,no,southeast,27000.98473
27.0,female,17.955,,yes,northeast,15006.57945
,male,30.685,0.0,yes,northeast,42303.69215
55.0,male,33.0,0.0,no,southeast,20781.48892
,female,43.34,2.0,no,,
44.0,male,22.135,2.0,no,northeast,8302.53565
19.0,male,34.4,0.0,no,southwest,1261.859
58.0,female,39.05,,no,southeast,11856.4115
50.0,male,25.365,,no,northwest,30284.64294
26.0,female,22.61,0.0,no,northwest,3176.8159
24.0,female,30.21,3.0,no,northwest,4618.0799
48.0,male,35.625,4.0,no,northeast,10736.87075
19.0,female,37.43,0.0,no,,2138.0707
48.0,male,31.445,1.0,no,northeast,8964.06055
49.0,male,,1.0,no,,9290.1395
46.0,female,32.3,2.0,,northeast,9411.005
46.0,male,19.855,0.0,no,,7526.70645
43.0,female,34.4,,no,southwest,8522.003
21.0,male,,0.0,,southeast,16586.49771
,male,25.6,2.0,,southwest,14988.432
18.0,,38.17,0.0,no,southeast,
51.0,female,20.6,0.0,no,southwest,9264.797
47.0,male,47.52,1.0,no,southeast,8083.9198
64.0,female,32.965,0.0,no,northwest,14692.66935
49.0,male,,3.0,no,northwest,
31.0,male,20.4,0.0,no,southwest,3260.199
52.0,female,,2.0,no,northeast,
33.0,female,24.31,0.0,no,southeast,4185.0979
47.0,female,23.6,1.0,no,southwest,8539.671
38.0,male,21.12,3.0,no,southeast,6652.5288
32.0,male,30.03,1.0,no,southeast,4074.4537
19.0,male,17.48,0.0,no,northwest,1621.3402
44.0,female,,1.0,yes,,19594.80965
26.0,female,17.195,2.0,yes,northeast,14455.64405
25.0,male,23.9,5.0,no,,5080.096
19.0,female,35.15,0.0,no,northwest,2134.9015
43.0,female,35.64,1.0,no,southeast,7345.7266
52.0,male,34.1,0.0,no,southeast,9140.951
,female,22.6,2.0,yes,southwest,18608.262
64.0,male,39.16,1.0,no,southeast,14418.2804
63.0,female,,0.0,yes,northwest,28950.4692
64.0,male,33.88,0.0,yes,southeast,46889.2612
61.0,male,35.86,0.0,yes,,46599.1084
40.0,male,32.775,,yes,northeast,39125.33225
25.0,male,30.59,0.0,no,northeast,2727.3951
,male,,,no,southwest,8968.33
45.0,male,24.31,5.0,no,southeast,9788.8659
38.0,female,27.265,1.0,no,northeast,6555.07035
18.0,female,29.165,0.0,no,northeast,7323.734819
21.0,female,16.815,1.0,no,northeast,3167.45585
27.0,female,30.4,3.0,no,,18804.7524
19.0,male,33.1,0.0,no,southwest,23082.95533
29.0,female,20.235,2.0,,northwest,4906.40965
42.0,male,,0.0,no,southwest,5969.723
60.0,female,30.5,0.0,no,southwest,12638.195
31.0,,28.595,1.0,no,northwest,4243.59005
60.0,male,,3.0,no,southeast,13919.8229
22.0,male,31.73,0.0,no,northeast,2254.7967
,male,,3.0,no,southwest,5926.846
52.0,female,46.75,5.0,,southeast,12592.5345
26.0,male,29.45,0.0,no,northeast,2897.3235
,female,32.68,,no,,4738.2682
33.0,,33.5,0.0,yes,southwest,37079.372
,male,43.01,0.0,no,southeast,1149.3959
59.0,female,36.52,1.0,no,southeast,28287.89766
56.0,,26.695,1.0,yes,northwest,26109.32905
45.0,female,33.1,0.0,no,southwest,7345.084
60.0,male,29.64,0.0,no,northeast,12730.9996
56.0,female,25.65,0.0,no,northwest,11454.0215
40.0,female,29.6,0.0,no,southwest,5910.944
35.0,male,38.6,1.0,no,southwest,4762.329
,male,29.6,4.0,no,,7512.267
30.0,male,24.13,1.0,no,northwest,4032.2407
24.0,,23.4,0.0,no,southwest,1969.614
20.0,male,29.735,0.0,no,northwest,1769.53165
32.0,male,46.53,2.0,no,southeast,4686.3887
59.0,male,37.4,,no,,21797.0004
55.0,female,30.14,2.0,no,southeast,11881.9696
,female,30.495,0.0,no,northwest,11840.77505
,male,39.6,0.0,no,,10601.412
,female,33.0,3.0,no,southeast,7682.67
49.0,female,36.63,,no,southeast,10381.4787
42.0,male,30.0,0.0,yes,,22144.032
62.0,female,38.095,2.0,no,northeast,15230.32405
56.0,male,25.935,0.0,no,northeast,11165.41765
19.0,male,25.175,0.0,no,northwest,1632.03625
30.0,female,28.38,1.0,yes,southeast,19521.9682
60.0,female,,1.0,no,southwest,13224.693
56.0,,33.82,2.0,no,northwest,12643.3778
28.0,female,24.32,1.0,no,,23288.9284
18.0,female,,1.0,no,southeast,2201.0971
27.0,,32.67,0.0,no,southeast,2497.0383
18.0,female,30.115,0.0,no,northeast,2203.47185
19.0,female,29.8,,no,southwest,1744.465
47.0,female,33.345,,no,northeast,20878.78443
54.0,male,25.1,3.0,yes,southwest,25382.297
61.0,male,28.31,1.0,yes,northwest,28868.6639
24.0,male,28.5,0.0,yes,northeast,35147.52848
25.0,male,35.625,0.0,no,northwest,2534.39375
,male,36.85,0.0,no,southeast,1534.3045
23.0,male,32.56,0.0,no,southeast,1824.2854
63.0,male,41.325,3.0,,,15555.18875
49.0,male,37.51,2.0,no,southeast,9304.7019
18.0,female,31.35,0.0,no,southeast,1622.1885
51.0,female,39.5,1.0,no,southwest,9880.068
48.0,male,34.3,3.0,no,,9563.029
31.0,female,31.065,0.0,no,northeast,4347.02335
54.0,female,21.47,3.0,no,northwest,12475.3513
19.0,male,28.7,,no,,1253.936
44.0,female,38.06,0.0,yes,southeast,48885.13561
,male,31.16,1.0,no,northwest,10461.9794
,female,32.9,0.0,no,southwest,1748.774
61.0,female,25.08,0.0,,southeast,24513.09126
18.0,female,25.08,0.0,no,northeast,2196.4732
61.0,,43.4,0.0,no,southwest,12574.049
21.0,male,25.7,4.0,yes,southwest,
20.0,male,27.93,0.0,no,northeast,1967.0227
31.0,female,23.6,2.0,no,southwest,4931.647
45.0,male,28.7,2.0,no,southwest,8027.968
44.0,female,23.98,2.0,,southeast,8211.1002
62.0,female,39.2,0.0,no,southwest,13470.86
29.0,male,34.4,0.0,yes,southwest,36197.699
43.0,male,26.03,0.0,,northeast,6837.3687
51.0,male,23.21,1.0,yes,southeast,22218.1149
19.0,male,30.25,0.0,yes,southeast,32548.3405
38.0,female,28.93,1.0,no,southeast,5974.3847
37.0,male,30.875,3.0,no,northwest,6796.86325
,,31.35,,no,,
21.0,male,23.75,,no,northwest,3077.0955
24.0,,25.27,0.0,,northeast,3044.2133
57.0,female,28.7,0.0,no,southwest,11455.28
56.0,male,32.11,1.0,no,northeast,11763.0009
27.0,male,33.66,0.0,no,,2498.4144
51.0,male,22.42,0.0,no,northeast,9361.3268
19.0,,,0.0,no,southwest,1256.299
39.0,male,28.3,1.0,yes,southwest,21082.16
58.0,male,35.7,0.0,no,southwest,
20.0,male,35.31,1.0,no,southeast,27724.28875
45.0,male,30.495,2.0,no,northwest,8413.46305
,female,31.0,1.0,,southwest,5240.765
31.0,male,30.875,0.0,no,northeast,3857.75925
50.0,female,,0.0,no,northeast,25656.57526
32.0,female,44.22,0.0,no,southeast,
51.0,female,33.915,0.0,,northeast,9866.30485
38.0,,37.73,0.0,,southeast,5397.6167
42.0,male,26.07,1.0,yes,southeast,38245.59327
18.0,female,33.88,0.0,no,southeast,11482.63485
19.0,female,30.59,2.0,no,northwest,24059.68019
51.0,female,25.8,1.0,no,southwest,9861.025
46.0,male,39.425,1.0,no,northeast,8342.90875
,male,,0.0,no,northeast,1708.0014
57.0,male,42.13,1.0,yes,southeast,48675.5177
62.0,female,31.73,0.0,no,northeast,14043.4767
59.0,male,,2.0,no,southeast,12925.886
,male,36.19,,no,southeast,19214.70553
64.0,male,40.48,0.0,,southeast,13831.1152
38.0,male,28.025,1.0,no,northeast,6067.12675
33.0,,38.9,3.0,no,southwest,5972.378
46.0,,30.2,2.0,no,,8825.086
46.0,female,28.05,,no,southeast,8233.0975
53.0,male,31.35,0.0,no,southeast,27346.04207
34.0,female,38.0,3.0,no,southwest,6196.448
20.0,female,31.79,2.0,,southeast,3056.3881
,female,36.3,0.0,no,southeast,13887.204
54.0,female,47.41,0.0,,southeast,63770.42801
54.0,male,30.21,0.0,no,northwest,10231.4999
49.0,male,25.84,2.0,yes,northwest,23807.2406
28.0,male,35.435,0.0,no,northeast,
54.0,female,46.7,2.0,,southwest,
25.0,female,28.595,0.0,no,northeast,3213.62205
43.0,female,46.2,,,,45863.205
63.0,male,30.8,0.0,no,southwest,13390.559
32.0,female,28.93,0.0,,southeast,3972.9247
62.0,male,21.4,,no,southwest,12957.118
52.0,female,31.73,2.0,no,,
25.0,,41.325,,no,northeast,17878.90068
28.0,male,23.8,2.0,no,southwest,3847.674
46.0,male,33.44,1.0,,northeast,8334.5896
34.0,male,34.21,0.0,no,,
35.0,female,34.105,3.0,yes,northwest,39983.42595
19.0,male,35.53,0.0,no,northwest,1646.4297
46.0,,19.95,2.0,no,northwest,9193.8385
54.0,female,32.68,0.0,no,northeast,10923.9332
27.0,male,30.5,0.0,no,southwest,2494.022
50.0,male,44.77,1.0,no,southeast,9058.7303
18.0,female,32.12,2.0,no,southeast,2801.2588
19.0,female,30.495,,no,northwest,2128.43105
,female,40.565,1.0,no,northwest,6373.55735
41.0,male,30.59,2.0,no,northwest,7256.7231
49.0,female,31.9,5.0,no,southwest,
48.0,male,40.565,2.0,yes,northwest,45702.02235
31.0,female,29.1,0.0,,southwest,3761.292
,female,37.29,1.0,no,southeast,2219.4451
30.0,,43.12,2.0,no,southeast,4753.6368
62.0,female,36.86,1.0,no,northeast,31620.00106
57.0,female,34.295,2.0,no,northeast,13224.05705
58.0,female,,0.0,no,,12222.8983
22.0,male,26.84,0.0,no,southeast,
31.0,female,38.095,1.0,yes,northeast,58571.07448
52.0,,30.2,1.0,no,,9724.53
,female,23.465,0.0,no,northeast,3206.49135
59.0,male,25.46,1.0,no,northeast,12913.9924
19.0,male,30.59,0.0,no,northwest,1639.5631
39.0,male,45.43,,,southeast,6356.2707
32.0,female,23.65,1.0,no,southeast,17626.23951
19.0,male,20.7,0.0,,southwest,1242.816
33.0,female,28.27,1.0,no,southeast,4779.6023
21.0,male,20.235,3.0,no,northeast,
34.0,female,30.21,1.0,yes,northwest,43943.8761
61.0,female,35.91,0.0,no,northeast,13635.6379
38.0,female,30.69,1.0,no,,5976.8311
58.0,female,29.0,,no,southwest,11842.442
47.0,male,19.57,1.0,no,,8428.0693
20.0,male,,2.0,no,,2566.4707
21.0,female,21.85,1.0,yes,northeast,15359.1045
41.0,male,40.26,0.0,no,southeast,5709.1644
46.0,female,,1.0,no,northeast,8823.98575
42.0,female,29.48,2.0,no,southeast,7640.3092
34.0,female,33.25,,no,northeast,5594.8455
,male,32.6,2.0,no,southwest,7441.501
52.0,female,37.525,2.0,no,northwest,33471.97189
18.0,,39.16,0.0,no,southeast,1633.0444
51.0,male,31.635,0.0,no,northwest,9174.13565
56.0,female,25.3,0.0,no,southwest,11070.535
64.0,female,39.05,,no,southeast,16085.1275
19.0,female,28.31,0.0,yes,northwest,17468.9839
51.0,female,34.1,0.0,no,southeast,9283.562
27.0,,25.175,0.0,no,,3558.62025
59.0,female,23.655,0.0,yes,northwest,25678.77845
28.0,male,,2.0,no,northeast,4435.0942
30.0,male,37.8,2.0,yes,southwest,39241.442
47.0,female,29.37,1.0,no,southeast,8547.6913
38.0,female,,2.0,no,southwest,6571.544
18.0,female,33.155,0.0,no,northeast,2207.69745
34.0,,19.0,3.0,no,northeast,6753.038
20.0,female,33.0,0.0,no,southeast,1880.07
47.0,female,36.63,1.0,,southeast,42969.8527
56.0,female,28.595,0.0,,northeast,11658.11505
49.0,male,,2.0,yes,southwest,23306.547
19.0,female,33.11,0.0,yes,,34439.8559
55.0,female,37.1,0.0,no,southwest,10713.644
30.0,male,,1.0,,southwest,
37.0,male,34.1,4.0,yes,southwest,40182.246
49.0,female,21.3,1.0,no,southwest,9182.17
18.0,male,33.535,0.0,yes,northeast,34617.84065
59.0,,28.785,,no,,12129.61415
29.0,female,26.03,0.0,no,northwest,3736.4647
36.0,,,3.0,no,northeast,6748.5912
33.0,male,42.46,1.0,no,southeast,11326.71487
58.0,male,38.0,0.0,no,southwest,11365.952
44.0,female,38.95,0.0,yes,northwest,42983.4585
53.0,male,36.1,1.0,no,southwest,10085.846
,male,29.3,0.0,no,southwest,1977.815
29.0,female,35.53,0.0,no,southeast,3366.6697
40.0,male,22.705,,no,northeast,7173.35995
,male,39.7,1.0,no,southwest,9391.346
64.0,male,38.19,0.0,,northeast,14410.9321
19.0,female,24.51,1.0,no,northwest,2709.1119
35.0,female,38.095,2.0,no,northeast,24915.04626
39.0,male,26.41,0.0,yes,northeast,20149.3229
56.0,,33.66,4.0,no,southeast,12949.1554
33.0,male,42.4,5.0,no,southwest,6666.243
42.0,male,28.31,3.0,yes,northwest,32787.45859
61.0,male,33.915,0.0,no,northeast,13143.86485
23.0,female,34.96,,no,northwest,
43.0,male,,2.0,no,southeast,18806.14547
48.0,,30.78,3.0,no,northeast,10141.1362
39.0,male,26.22,1.0,no,northwest,6123.5688
40.0,female,23.37,3.0,no,northeast,8252.2843
18.0,male,28.5,0.0,no,northeast,1712.227
58.0,female,32.965,,no,northeast,12430.95335
49.0,female,,2.0,no,southeast,9800.8882
53.0,female,39.6,1.0,,southeast,10579.711
48.0,female,31.13,0.0,no,southeast,8280.6227
45.0,female,36.3,2.0,no,southeast,8527.532
59.0,female,35.2,0.0,no,,12244.531
52.0,female,25.3,2.0,yes,southeast,24667.419
26.0,,42.4,1.0,no,southwest,3410.324
27.0,male,33.155,2.0,no,northwest,4058.71245
48.0,female,,,no,northeast,26392.26029
57.0,female,28.785,4.0,no,northeast,14394.39815
,male,46.53,3.0,no,southeast,6435.6237
57.0,female,23.98,1.0,no,southeast,22192.43711
32.0,female,31.54,1.0,no,northeast,5148.5526
18.0,male,33.66,0.0,no,southeast,
64.0,female,22.99,0.0,yes,southeast,27037.9141
43.0,male,38.06,2.0,yes,,42560.4304
49.0,male,28.7,,no,southwest,8703.456
40.0,female,32.775,2.0,yes,northwest,40003.33225
62.0,,32.015,0.0,yes,northeast,45710.20785
,female,29.81,1.0,no,southeast,6500.2359
30.0,male,,3.0,no,southeast,4837.5823
29.0,female,31.16,0.0,no,northeast,3943.5954
36.0,,29.7,0.0,no,southeast,4399.731
41.0,,31.02,0.0,no,southeast,6185.3208
44.0,female,,2.0,yes,,46200.9851
45.0,male,21.375,0.0,no,northwest,7222.78625
55.0,female,40.81,3.0,no,southeast,12485.8009
60.0,,31.35,3.0,yes,northwest,46130.5265
56.0,male,36.1,3.0,no,southwest,12363.547
49.0,female,23.18,2.0,no,northwest,10156.7832
21.0,female,17.4,1.0,no,southwest,2585.269
19.0,male,20.3,0.0,no,,1242.26
39.0,male,35.3,2.0,yes,southwest,40103.89
53.0,male,24.32,0.0,no,northwest,9863.4718
33.0,,18.5,1.0,no,southwest,
,male,26.41,,no,northeast,11244.3769
42.0,male,26.125,2.0,no,northeast,7729.64575
40.0,male,41.69,0.0,no,southeast,5438.7491
47.0,female,24.1,1.0,no,southwest,26236.57997
27.0,male,31.13,1.0,yes,,34806.4677
21.0,male,27.36,0.0,no,northeast,2104.1134
47.0,,36.2,1.0,no,southwest,8068.185
20.0,male,32.395,1.0,no,northwest,2362.22905
24.0,male,23.655,0.0,no,northwest,2352.96845
27.0,female,34.8,1.0,no,southwest,3577.999
,female,40.185,0.0,no,northwest,3201.24515
,female,32.3,2.0,no,,29186.48236
41.0,male,35.75,1.0,yes,southeast,40273.6455
56.0,male,33.725,0.0,no,northwest,10976.24575
,female,39.27,2.0,no,southeast,
21.0,female,34.87,0.0,no,southeast,2020.5523
50.0,female,,0.0,no,northeast,9541.69555
53.0,male,,0.0,no,southeast,9504.3103
34.0,female,26.41,1.0,no,northwest,5385.3379
47.0,female,29.545,1.0,no,northwest,8930.93455
33.0,,32.9,2.0,no,southwest,5375.038
51.0,female,38.06,0.0,yes,southeast,44400.4064
49.0,male,28.69,3.0,no,northwest,
31.0,female,30.495,3.0,no,northeast,6113.23105
36.0,female,27.74,0.0,no,northeast,5469.0066
18.0,,35.2,1.0,no,southeast,1727.54
50.0,female,23.54,2.0,no,southeast,10107.2206
43.0,female,30.685,2.0,no,northwest,8310.83915
20.0,male,,0.0,no,northeast,1984.4533
,female,22.6,0.0,no,,2457.502
60.0,male,28.9,,no,southwest,12146.971
49.0,female,22.61,1.0,,northwest,9566.9909
60.0,male,24.32,1.0,no,northwest,13112.6048
51.0,female,36.67,2.0,no,northwest,10848.1343
58.0,female,33.44,,no,northwest,12231.6136
51.0,female,40.66,,no,,9875.6804
53.0,male,36.6,3.0,no,southwest,11264.541
,male,37.4,0.0,no,southwest,12979.358
19.0,male,35.4,0.0,no,southwest,1263.249
50.0,female,27.075,1.0,,northeast,10106.13425
30.0,female,39.05,3.0,yes,southeast,40932.4295
41.0,male,28.405,1.0,no,northwest,6664.68595
29.0,female,21.755,1.0,yes,northeast,16657.71745
18.0,female,40.28,0.0,no,northeast,2217.6012
41.0,female,36.08,1.0,no,southeast,6781.3542
35.0,male,24.42,3.0,,,19361.9988
53.0,male,21.4,,,southwest,10065.413
24.0,female,,3.0,no,southwest,4234.927
48.0,female,27.265,1.0,no,northeast,9447.25035
59.0,female,32.1,3.0,no,southwest,14007.222
49.0,,34.77,1.0,no,northwest,9583.8933
37.0,female,38.39,0.0,yes,southeast,40419.0191
26.0,male,23.7,2.0,no,southwest,3484.331
23.0,male,,,yes,northeast,36189.1017
29.0,male,35.5,,yes,southwest,44585.45587
45.0,male,24.035,2.0,no,northeast,8604.48365
27.0,male,29.15,0.0,yes,southeast,18246.4955
53.0,male,34.105,0.0,yes,northeast,43254.41795
31.0,female,26.62,0.0,,southeast,3757.8448
50.0,,26.41,0.0,no,northwest,8827.2099
50.0,,30.115,1.0,no,northwest,9910.35985
34.0,male,27.0,2.0,no,southwest,11737.84884
19.0,,21.755,0.0,no,,1627.28245
47.0,female,36.0,1.0,no,southwest,8556.907
28.0,male,30.875,0.0,,northwest,3062.50825
37.0,female,26.4,0.0,yes,southeast,19539.243
21.0,male,28.975,0.0,,northwest,1906.35825
64.0,,37.905,,no,northwest,14210.53595
58.0,female,22.77,0.0,no,southeast,11833.7823
24.0,male,33.63,4.0,no,northeast,17128.42608
,male,27.645,,no,northeast,5031.26955
39.0,female,22.8,3.0,no,,7985.815
47.0,,27.83,0.0,yes,southeast,23065.4207
30.0,male,37.43,,no,northeast,5428.7277
,male,38.17,0.0,yes,southeast,36307.7983
22.0,female,34.58,2.0,no,northeast,3925.7582
23.0,male,35.2,1.0,no,southwest,2416.955
33.0,male,27.1,1.0,yes,southwest,19040.876
27.0,male,26.03,0.0,no,northeast,3070.8087
45.0,female,25.175,2.0,no,northeast,
57.0,female,31.825,0.0,no,northwest,
47.0,male,32.3,,no,southwest,8062.764
42.0,female,29.0,1.0,no,southwest,7050.642
64.0,female,39.7,0.0,no,southwest,14319.031
38.0,female,19.475,2.0,no,northwest,6933.24225
61.0,male,36.1,3.0,no,southwest,27941.28758
53.0,female,26.7,2.0,no,southwest,11150.78
44.0,female,36.48,0.0,no,northeast,12797.20962
19.0,female,,0.0,,,17748.5062
41.0,male,,2.0,no,northwest,7261.741
51.0,male,33.33,,no,southeast,10560.4917
40.0,male,32.3,,no,northwest,6986.697
45.0,male,39.805,0.0,no,northeast,7448.40395
,male,34.32,3.0,no,southeast,5934.3798
53.0,male,28.88,0.0,,northwest,9869.8102
30.0,male,24.4,3.0,yes,southwest,18259.216
18.0,male,41.14,0.0,no,southeast,1146.7966
51.0,male,35.97,1.0,,southeast,9386.1613
50.0,female,27.6,1.0,,southwest,24520.264
31.0,female,29.26,1.0,no,southeast,4350.5144
35.0,,27.7,3.0,no,southwest,6414.178
,male,36.955,0.0,no,northeast,
21.0,male,36.86,0.0,no,northwest,1917.3184
29.0,male,22.515,3.0,,northeast,5209.57885
62.0,female,29.92,0.0,no,southeast,
39.0,female,,0.0,no,southeast,5662.225
19.0,male,27.6,0.0,no,southwest,1252.407
22.0,female,23.18,0.0,no,northeast,2731.9122
53.0,male,20.9,0.0,yes,southeast,
39.0,,31.92,2.0,no,northwest,7209.4918
27.0,male,28.5,0.0,yes,northwest,18310.742
,male,44.22,2.0,no,southeast,4266.1658
30.0,female,22.895,1.0,no,northeast,4719.52405
58.0,female,33.1,0.0,no,,11848.141
33.0,male,24.795,0.0,yes,northeast,17904.52705
42.0,female,26.18,1.0,no,southeast,7046.7222
64.0,female,35.97,,no,southeast,14313.8463
21.0,male,22.3,1.0,no,,2103.08
18.0,female,42.24,0.0,yes,,38792.6856
23.0,male,26.51,0.0,no,southeast,1815.8759
45.0,female,35.815,0.0,no,northwest,7731.85785
40.0,female,,1.0,no,northwest,28476.73499
19.0,female,36.575,0.0,no,northwest,2136.88225
18.0,,30.14,0.0,no,southeast,1131.5066
25.0,male,25.84,1.0,no,northeast,3309.7926
46.0,,30.8,,no,southwest,9414.92
33.0,,42.94,3.0,no,northwest,6360.9936
54.0,male,,2.0,no,southeast,11013.7119
28.0,male,22.515,,no,northeast,4428.88785
,male,34.43,2.0,no,southeast,5584.3057
20.0,female,31.46,,,southeast,1877.9294
24.0,female,24.225,0.0,no,northwest,2842.76075
23.0,male,37.1,,no,southwest,3597.596
47.0,female,26.125,1.0,yes,northeast,23401.30575
33.0,female,35.53,0.0,yes,northwest,55135.40209
45.0,male,33.7,1.0,no,southwest,7445.918
26.0,male,17.67,0.0,no,northwest,2680.9493
18.0,female,31.13,0.0,no,southeast,1621.8827
44.0,female,29.81,2.0,no,southeast,8219.2039
60.0,male,,0.0,no,,
64.0,female,31.825,2.0,no,northeast,16069.08475
56.0,male,31.79,2.0,yes,southeast,43813.8661
36.0,male,28.025,1.0,,northeast,20773.62775
41.0,male,30.78,3.0,yes,northeast,39597.4072
39.0,,21.85,1.0,no,northwest,6117.4945
63.0,male,33.1,0.0,no,southwest,13393.756
36.0,female,25.84,0.0,no,northwest,5266.3656
28.0,female,23.845,2.0,no,,4719.73655
58.0,male,34.39,0.0,no,northwest,11743.9341
36.0,male,33.82,1.0,no,northwest,5377.4578
42.0,male,35.97,,no,southeast,7160.3303
36.0,male,31.5,0.0,no,southwest,4402.233
56.0,female,,0.0,no,northeast,11657.7189
35.0,female,23.465,2.0,,northeast,6402.29135
59.0,female,,0.0,no,northwest,12622.1795
21.0,male,31.1,0.0,no,southwest,1526.312
59.0,male,24.7,0.0,no,northeast,12323.936
23.0,female,32.78,2.0,yes,southeast,36021.0112
57.0,female,29.81,0.0,yes,southeast,27533.9129
53.0,male,30.495,0.0,no,northeast,10072.05505
60.0,female,32.45,,yes,southeast,45008.9555
51.0,female,34.2,1.0,no,southwest,9872.701
23.0,male,50.38,1.0,no,southeast,2438.0552
27.0,female,24.1,0.0,no,southwest,2974.126
55.0,male,32.775,0.0,no,northwest,10601.63225
37.0,female,30.78,0.0,yes,northeast,37270.1512
61.0,male,32.3,2.0,no,northwest,14119.62
46.0,female,,0.0,yes,northeast,42111.6647
53.0,female,23.75,2.0,no,northeast,11729.6795
49.0,female,23.845,3.0,,northeast,24106.91255
,,29.6,0.0,no,southwest,1875.344
48.0,female,33.11,0.0,yes,southeast,40974.1649
25.0,male,24.13,0.0,yes,northwest,15817.9857
25.0,,,1.0,no,southeast,18218.16139
57.0,male,28.1,0.0,no,southwest,10965.446
37.0,female,47.6,2.0,yes,southwest,46113.511
,,28.0,3.0,no,southwest,
55.0,female,33.535,2.0,no,,12269.68865
,female,19.855,0.0,no,northeast,5458.04645
51.0,male,25.4,0.0,no,southwest,8782.469
40.0,male,,2.0,no,southwest,
18.0,male,37.29,0.0,no,southeast,1141.4451
57.0,male,43.7,1.0,no,southwest,11576.13
61.0,male,23.655,0.0,no,,13129.60345
25.0,female,24.3,3.0,no,southwest,4391.652
50.0,male,36.2,0.0,no,southwest,8457.818
26.0,female,29.48,1.0,no,southeast,3392.3652
42.0,male,24.86,,no,southeast,5966.8874
43.0,male,30.1,1.0,no,southwest,6849.026
44.0,male,21.85,3.0,no,northeast,
23.0,female,28.12,0.0,,northwest,2690.1138
49.0,female,27.1,1.0,no,southwest,26140.3603
33.0,male,33.44,,no,southeast,6653.7886
41.0,male,28.8,1.0,no,southwest,6282.235
37.0,female,29.5,2.0,no,southwest,6311.952
22.0,male,34.8,3.0,no,southwest,3443.064
23.0,,27.36,1.0,no,northwest,2789.0574
21.0,female,22.135,0.0,no,northeast,2585.85065
51.0,female,37.05,3.0,yes,northeast,46255.1125
25.0,male,26.695,4.0,no,northwest,4877.98105
32.0,male,28.93,1.0,yes,southeast,19719.6947
57.0,,28.975,0.0,yes,,27218.43725
36.0,female,30.02,0.0,no,,5272.1758
22.0,,39.5,0.0,no,southwest,1682.597
57.0,male,33.63,1.0,no,northwest,11945.1327
64.0,,26.885,0.0,,northwest,29330.98315
36.0,female,29.04,4.0,no,southeast,7243.8136
54.0,male,24.035,,no,northeast,10422.91665
,male,38.94,2.0,yes,southeast,44202.6536
62.0,male,32.11,0.0,no,northeast,13555.0049
61.0,female,44.0,0.0,no,southwest,13063.883
43.0,female,20.045,,yes,northeast,
19.0,male,25.555,1.0,no,northwest,2221.56445
18.0,female,40.26,0.0,no,southeast,1634.5734
19.0,female,22.515,0.0,no,northwest,2117.33885
49.0,male,22.515,0.0,no,northeast,8688.85885
60.0,male,40.92,,yes,southeast,48673.5588
26.0,male,27.265,3.0,no,northeast,4661.28635
49.0,male,36.85,0.0,no,southeast,8125.7845
60.0,female,35.1,0.0,no,southwest,
26.0,female,29.355,2.0,no,northeast,4564.19145
27.0,,32.585,,no,northeast,4846.92015
44.0,female,32.34,1.0,no,southeast,7633.7206
63.0,,39.8,3.0,no,southwest,15170.069
32.0,female,24.6,0.0,yes,southwest,
22.0,male,28.31,1.0,no,northwest,2639.0429
18.0,male,31.73,0.0,,northeast,33732.6867
59.0,female,26.695,3.0,no,northwest,14382.70905
44.0,female,27.5,1.0,no,southwest,7626.993
33.0,male,24.605,2.0,no,northwest,5257.50795
24.0,female,33.99,,no,southeast,2473.3341
43.0,female,26.885,0.0,yes,northwest,21774.32215
45.0,male,22.895,0.0,yes,northeast,35069.37452
61.0,female,28.2,0.0,no,southwest,13041.921
35.0,female,,1.0,no,southeast,5245.2269
62.0,female,25.0,0.0,no,southwest,13451.122
62.0,female,33.2,0.0,no,southwest,13462.52
38.0,male,31.0,1.0,no,southwest,5488.262
34.0,male,35.815,0.0,no,northwest,4320.41085
43.0,male,,,no,,6250.435
50.0,male,32.11,2.0,no,northeast,
19.0,female,23.4,2.0,no,southwest,2913.569
57.0,female,20.1,1.0,no,southwest,12032.326
62.0,female,39.16,0.0,no,southeast,13470.8044
41.0,male,34.21,1.0,no,southeast,
26.0,male,46.53,1.0,no,southeast,2927.0647
39.0,female,32.5,1.0,no,southwest,6238.298
,male,25.8,5.0,no,southwest,10096.97
45.0,,35.3,0.0,,southwest,7348.142
32.0,male,,2.0,no,southeast,4673.3922
59.0,female,27.5,0.0,no,southwest,12233.828
44.0,male,29.735,2.0,no,northeast,32108.66282
39.0,female,24.225,5.0,no,northwest,8965.79575
18.0,male,26.18,2.0,no,southeast,2304.0022
53.0,male,29.48,0.0,no,southeast,9487.6442
18.0,male,23.21,0.0,no,southeast,1121.8739
50.0,female,46.09,1.0,no,southeast,9549.5651
18.0,female,40.185,0.0,no,northeast,2217.46915
19.0,male,,0.0,no,northwest,1628.4709
62.0,male,39.93,0.0,no,southeast,12982.8747
56.0,female,35.8,1.0,no,southwest,11674.13
42.0,male,35.8,2.0,no,southwest,7160.094
37.0,male,34.2,1.0,yes,northeast,39047.285
42.0,male,,0.0,no,northwest,6358.77645
25.0,male,29.7,3.0,yes,southwest,19933.458
57.0,male,18.335,0.0,no,northeast,
51.0,male,,2.0,yes,southeast,47462.894
30.0,female,28.405,1.0,no,northwest,4527.18295
44.0,male,30.2,2.0,yes,southwest,38998.546
34.0,male,27.835,1.0,yes,,20009.63365
31.0,male,39.49,1.0,,southeast,3875.7341
54.0,male,30.8,1.0,yes,southeast,41999.52
24.0,male,26.79,1.0,no,northwest,12609.88702
43.0,male,,1.0,yes,northeast,41034.2214
48.0,male,36.67,1.0,no,northwest,28468.91901
19.0,female,39.615,1.0,no,northwest,2730.10785
29.0,,,0.0,no,southwest,3353.284
63.0,female,35.2,1.0,no,southeast,14474.675
46.0,male,24.795,3.0,no,northeast,9500.57305
52.0,male,36.765,,no,northwest,26467.09737
35.0,male,27.1,,no,southwest,4746.344
51.0,male,24.795,2.0,yes,northwest,23967.38305
44.0,male,25.365,1.0,no,northwest,7518.02535
21.0,male,25.745,,,northeast,3279.86855
39.0,female,34.32,,no,southeast,8596.8278
50.0,female,28.16,3.0,,,10702.6424
34.0,female,23.56,0.0,,,4992.3764
22.0,female,20.235,0.0,no,northwest,
19.0,female,40.5,0.0,no,southwest,1759.338
26.0,male,35.42,0.0,no,southeast,2322.6218
29.0,male,22.895,,yes,northeast,16138.76205
48.0,male,,0.0,no,southeast,7804.1605
26.0,male,29.15,1.0,no,southeast,2902.9065
45.0,female,39.995,3.0,no,northeast,9704.66805
36.0,female,29.92,0.0,no,southeast,4889.0368
54.0,male,25.46,,no,northeast,25517.11363
34.0,male,21.375,0.0,no,,4500.33925
31.0,male,25.9,3.0,yes,southwest,19199.944
27.0,female,30.59,1.0,no,northeast,16796.41194
20.0,male,30.115,5.0,no,,4915.05985
44.0,,25.8,1.0,no,southwest,
43.0,male,30.115,,no,northwest,
45.0,female,27.645,1.0,no,northwest,28340.18885
34.0,male,34.675,0.0,no,northeast,4518.82625
24.0,female,20.52,0.0,yes,,14571.8908
26.0,female,19.8,1.0,no,,3378.91
38.0,female,27.835,2.0,no,,7144.86265
50.0,female,31.6,,no,southwest,10118.424
38.0,male,28.27,1.0,no,southeast,
27.0,female,20.045,3.0,yes,northwest,
39.0,female,23.275,3.0,no,northeast,7986.47525
39.0,female,34.1,3.0,no,southwest,7418.522
63.0,female,36.85,0.0,no,southeast,13887.9685
33.0,female,36.29,3.0,no,northeast,6551.7501
36.0,female,26.885,,no,northwest,5267.81815
30.0,male,22.99,2.0,yes,northwest,17361.7661
24.0,male,32.7,0.0,yes,southwest,34472.841
24.0,male,25.8,0.0,no,southwest,1972.95
48.0,male,29.6,0.0,,southwest,21232.18226
47.0,male,19.19,,no,northeast,8627.5411
29.0,male,31.73,2.0,no,northwest,4433.3877
28.0,male,29.26,2.0,no,northeast,4438.2634
47.0,male,,3.0,yes,northwest,24915.22085
25.0,,,,no,northeast,23241.47453
51.0,male,27.74,1.0,no,,9957.7216
,female,22.8,0.0,no,southwest,8269.044
43.0,male,20.13,2.0,yes,southeast,18767.7377
61.0,female,33.33,4.0,no,southeast,36580.28216
48.0,male,32.3,,no,northwest,8765.249
38.0,female,27.6,0.0,no,,5383.536
59.0,male,25.46,,no,northwest,12124.9924
19.0,female,24.605,1.0,no,northwest,2709.24395
26.0,female,,2.0,no,southwest,3987.926
54.0,female,35.815,3.0,no,northwest,12495.29085
21.0,female,32.68,2.0,no,,26018.95052
,male,37.0,0.0,no,southwest,8798.593
22.0,female,31.02,3.0,yes,southeast,35595.5898
47.0,male,36.08,1.0,yes,southeast,42211.1382
18.0,male,23.32,1.0,no,southeast,
47.0,female,45.32,,no,southeast,8569.8618
,female,34.6,0.0,no,southwest,
19.0,male,26.03,1.0,yes,northwest,16450.8947
23.0,male,18.715,0.0,no,,21595.38229
54.0,male,31.6,0.0,no,southwest,9850.432
37.0,female,17.29,2.0,no,northeast,6877.9801
46.0,female,23.655,1.0,yes,northwest,21677.28345
55.0,female,35.2,0.0,yes,,
30.0,female,,0.0,no,northeast,4137.5227
18.0,male,21.565,0.0,,northeast,13747.87235
61.0,male,38.38,0.0,no,,12950.0712
54.0,female,,3.0,,,12094.478
22.0,male,37.07,2.0,yes,southeast,37484.4493
45.0,female,30.495,1.0,yes,northwest,39725.51805
22.0,male,28.88,0.0,no,northeast,2250.8352
19.0,male,27.265,2.0,,,22493.65964
35.0,female,28.025,0.0,yes,northwest,20234.85475
18.0,male,,0.0,no,northeast,1704.70015
20.0,male,30.685,0.0,yes,northeast,33475.81715
28.0,female,25.8,,no,southwest,3161.454
55.0,male,35.245,,no,northeast,11394.06555
43.0,female,24.7,2.0,yes,northwest,21880.82
43.0,female,25.08,0.0,no,northeast,7325.0482
22.0,male,52.58,1.0,yes,southeast,44501.3982
25.0,female,22.515,1.0,no,,3594.17085
49.0,male,30.9,0.0,yes,southwest,39727.614
,female,36.955,1.0,no,northwest,
64.0,male,26.41,0.0,no,northeast,14394.5579
49.0,male,29.83,1.0,no,northeast,9288.0267
47.0,male,29.8,3.0,yes,,
27.0,,21.47,0.0,no,northwest,3353.4703
,male,27.645,0.0,no,northwest,10594.50155
48.0,,28.9,0.0,no,southwest,8277.523
45.0,female,31.79,0.0,no,southeast,17929.30337
24.0,female,39.49,0.0,no,southeast,2480.9791
,male,33.82,1.0,no,northwest,
24.0,male,32.01,0.0,,southeast,1981.5819
57.0,male,27.94,1.0,no,southeast,
59.0,male,41.14,1.0,yes,,48970.2476
36.0,male,28.595,3.0,no,northwest,
29.0,female,25.6,4.0,no,southwest,5708.867
,female,25.3,1.0,no,southwest,7045.499
48.0,male,37.29,2.0,no,southeast,
,male,42.655,0.0,no,northeast,5757.41345
63.0,male,,1.0,no,northwest,14349.8544
54.0,female,31.9,1.0,no,southeast,
37.0,male,37.07,1.0,yes,southeast,39871.7043
63.0,male,,0.0,no,northeast,13974.45555
21.0,male,31.255,0.0,no,northwest,1909.52745
54.0,female,28.88,2.0,no,,12096.6512
60.0,,,0.0,no,northeast,13204.28565
32.0,female,29.59,1.0,no,southeast,4562.8421
47.0,female,32.0,1.0,no,southwest,8551.347
21.0,male,26.03,0.0,no,northeast,
28.0,male,31.68,0.0,yes,southeast,
63.0,male,33.66,3.0,no,southeast,15161.5344
18.0,male,21.78,2.0,,southeast,11884.04858
32.0,male,,1.0,no,,
38.0,male,,1.0,no,northwest,5855.9025
32.0,male,31.5,1.0,no,southwest,
62.0,female,,2.0,no,northwest,15019.76005
39.0,,18.3,5.0,yes,,19023.26
55.0,male,,0.0,no,northeast,10796.35025
57.0,male,,,no,northwest,11353.2276
52.0,,47.74,1.0,no,southeast,9748.9106
,male,22.1,0.0,no,southwest,10577.087
47.0,male,36.19,,yes,southeast,41676.0811
,female,29.83,0.0,no,northeast,11286.5387
23.0,male,32.7,3.0,,southwest,3591.48
22.0,female,30.4,0.0,yes,northwest,33907.548
50.0,female,33.7,4.0,no,southwest,
18.0,,31.35,,no,northeast,4561.1885
51.0,female,34.96,2.0,yes,northeast,44641.1974
,male,33.77,0.0,no,southeast,1674.6323
52.0,female,30.875,0.0,no,northeast,23045.56616
25.0,female,33.99,,no,southeast,3227.1211
33.0,female,19.095,2.0,yes,northeast,16776.30405
,,28.6,,no,southwest,11253.421
29.0,male,38.94,1.0,no,southeast,3471.4096
58.0,male,36.08,0.0,no,southeast,11363.2832
37.0,male,29.8,0.0,no,southwest,
,female,31.24,0.0,no,southeast,10338.9316
49.0,,29.925,0.0,no,northwest,8988.15875
,female,,2.0,no,northwest,10493.9458
26.0,,30.0,,no,southwest,2904.088
45.0,male,20.35,,no,southeast,8605.3615
54.0,female,32.3,1.0,no,northeast,11512.405
38.0,male,38.39,,yes,southeast,41949.2441
48.0,female,25.85,,yes,southeast,24180.9335
28.0,female,26.315,3.0,no,northwest,
23.0,male,24.51,0.0,,,2396.0959
55.0,male,,1.0,no,southeast,10807.4863
41.0,male,29.64,5.0,no,northeast,9222.4026
25.0,male,33.33,,yes,southeast,
33.0,male,35.75,1.0,yes,,38282.7495
30.0,female,19.95,3.0,,northwest,5693.4305
23.0,female,,0.0,yes,southwest,34166.273
46.0,male,,2.0,no,southeast,8347.1643
53.0,female,36.86,3.0,yes,northwest,46661.4424
,female,32.395,1.0,no,northeast,18903.49141
23.0,female,42.75,,yes,northeast,40904.1995
63.0,female,25.08,0.0,,northwest,14254.6082
55.0,male,29.9,0.0,no,southwest,10214.636
35.0,female,35.86,2.0,no,,
34.0,male,32.8,1.0,no,southwest,14358.36437
19.0,female,,0.0,no,southwest,1728.897
39.0,female,23.87,5.0,no,southeast,8582.3023
27.0,male,45.9,2.0,no,southwest,3693.428
57.0,,40.28,0.0,no,,
52.0,female,,0.0,,northwest,9991.03765
,male,33.82,,no,northwest,19673.33573
50.0,female,28.12,3.0,no,northwest,11085.5868
44.0,female,25.0,1.0,no,southwest,7623.518
26.0,female,,0.0,,northwest,
33.0,,30.25,0.0,no,southeast,3704.3545
19.0,,32.49,0.0,yes,northwest,36898.73308
,male,37.07,1.0,no,southeast,9048.0273
41.0,female,32.6,3.0,no,southwest,7954.517
52.0,female,24.86,0.0,no,southeast,27117.99378
,male,,2.0,no,southeast,
50.0,male,32.3,2.0,no,southwest,9630.397
52.0,male,32.775,3.0,no,northwest,11289.10925
60.0,male,32.8,0.0,yes,southwest,
20.0,,31.92,0.0,no,northwest,2261.5688
55.0,male,21.5,1.0,,southwest,10791.96
42.0,male,34.1,0.0,no,southwest,5979.731
,female,,0.0,no,northeast,
58.0,female,36.48,0.0,no,,12235.8392
43.0,female,32.56,3.0,yes,southeast,
35.0,female,,1.0,no,northwest,5630.45785
48.0,female,27.93,4.0,no,northwest,11015.1747
36.0,female,22.135,3.0,no,northeast,7228.21565
19.0,male,44.88,0.0,yes,southeast,
23.0,female,23.18,2.0,no,northwest,14426.07385
20.0,female,30.59,0.0,no,northeast,2459.7201
32.0,,41.1,0.0,,southwest,3989.841
43.0,female,34.58,1.0,no,northwest,7727.2532
34.0,male,,2.0,no,southeast,5124.1887
30.0,male,38.83,1.0,no,southeast,18963.17192
18.0,female,28.215,0.0,no,northeast,
41.0,female,28.31,,no,northwest,7153.5539
,female,26.125,0.0,no,northeast,5227.98875
57.0,male,,0.0,no,southeast,10982.5013
29.0,female,24.6,2.0,no,southwest,4529.477
32.0,male,35.2,2.0,no,southwest,4670.64
37.0,female,34.105,1.0,no,northwest,6112.35295
18.0,male,27.36,1.0,yes,northeast,17178.6824
43.0,female,,2.0,yes,southwest,22478.6
56.0,female,41.91,,no,southeast,11093.6229
38.0,,29.26,2.0,no,northwest,6457.8434
29.0,male,32.11,2.0,no,northwest,4433.9159
22.0,female,27.1,0.0,no,southwest,2154.361
52.0,female,24.13,1.0,yes,northwest,23887.6627
40.0,female,27.4,1.0,no,southwest,
23.0,female,,0.0,no,northeast,2899.48935
31.0,male,29.81,0.0,yes,southeast,19350.3689
42.0,female,41.325,1.0,no,northeast,
24.0,female,29.925,,no,northwest,2850.68375
25.0,female,30.3,0.0,no,southwest,2632.992
48.0,female,27.36,1.0,,northeast,9447.3824
23.0,female,28.49,,yes,southeast,18328.2381
45.0,male,23.56,2.0,,northeast,8603.8234
20.0,male,35.625,3.0,yes,northwest,37465.34375
62.0,female,32.68,0.0,no,northwest,13844.7972
43.0,female,25.27,,yes,northeast,21771.3423
23.0,female,28.0,0.0,no,southwest,13126.67745
31.0,female,,2.0,no,,5327.40025
41.0,female,21.755,1.0,no,northeast,13725.47184
58.0,female,32.395,1.0,no,northeast,13019.16105
48.0,,36.575,0.0,no,northwest,8671.19125
31.0,female,21.755,0.0,no,northwest,4134.08245
19.0,female,27.93,3.0,no,northwest,18838.70366
,,30.02,0.0,yes,northwest,33307.5508
41.0,male,33.55,0.0,no,southeast,5699.8375
40.0,male,29.355,1.0,no,northwest,6393.60345
31.0,female,25.8,,no,southwest,4934.705
37.0,male,24.32,2.0,no,northwest,6198.7518
,,40.375,2.0,no,northwest,8733.22925
22.0,male,32.11,0.0,no,northwest,2055.3249
51.0,male,32.3,1.0,no,northeast,9964.06
,female,27.28,3.0,yes,southeast,18223.4512
35.0,,17.86,1.0,no,northwest,5116.5004
,female,34.8,2.0,no,southwest,36910.60803
36.0,male,,2.0,yes,southwest,38415.474
37.0,female,25.555,1.0,yes,northeast,20296.86345
,male,37.1,1.0,no,,12347.172
36.0,male,30.875,1.0,no,northwest,5373.36425
39.0,male,34.1,2.0,no,southeast,23563.01618
18.0,male,21.47,0.0,no,northeast,1702.4553
52.0,female,,2.0,no,southwest,10806.839
27.0,female,31.255,1.0,no,northwest,
,male,39.14,0.0,no,northeast,12890.05765
40.0,male,25.08,0.0,no,southeast,5415.6612
29.0,male,37.29,2.0,no,southeast,4058.1161
46.0,,34.6,1.0,yes,southwest,
,female,,3.0,no,northwest,7537.1639
30.0,female,21.945,1.0,no,northeast,4718.20355
40.0,male,24.97,2.0,no,,6593.5083
50.0,male,25.3,0.0,no,southeast,8442.667
20.0,female,24.42,0.0,yes,southeast,26125.67477
41.0,male,23.94,1.0,no,,6858.4796
33.0,female,39.82,1.0,no,southeast,4795.6568
38.0,male,16.815,2.0,no,northeast,6640.54485
42.0,male,37.18,2.0,no,,7162.0122
56.0,male,34.43,0.0,no,southeast,10594.2257
58.0,male,,,no,northeast,11938.25595
52.0,male,34.485,3.0,yes,northwest,60021.39897
20.0,female,21.8,,yes,southwest,20167.33603
54.0,female,24.605,,no,northwest,12479.70895
58.0,male,23.3,0.0,no,southwest,11345.519
45.0,female,27.83,2.0,no,southeast,8515.7587
26.0,male,31.065,0.0,no,northwest,2699.56835
63.0,female,21.66,0.0,no,northeast,14449.8544
58.0,,28.215,0.0,no,northwest,12224.35085
37.0,male,22.705,,no,northeast,6985.50695
25.0,,42.13,1.0,no,southeast,3238.4357
52.0,male,41.8,2.0,yes,southeast,47269.854
64.0,,36.96,2.0,yes,southeast,49577.6624
22.0,female,21.28,3.0,no,northwest,4296.2712
28.0,female,33.11,0.0,,southeast,3171.6149
18.0,male,33.33,0.0,no,southeast,1135.9407
28.0,male,,5.0,no,southwest,
45.0,female,25.7,3.0,no,southwest,9101.798
33.0,male,29.4,4.0,no,southwest,6059.173
18.0,,39.82,0.0,no,southeast,
32.0,male,33.63,1.0,yes,northeast,37607.5277
24.0,male,29.83,0.0,yes,northeast,18648.4217
19.0,male,19.8,0.0,,southwest,1241.565
20.0,male,27.3,0.0,yes,southwest,16232.847
40.0,female,29.3,4.0,no,,15828.82173
34.0,female,27.72,0.0,,southeast,4415.1588
42.0,female,37.9,0.0,no,southwest,6474.013
51.0,female,36.385,,no,northwest,11436.73815
54.0,female,27.645,,no,northwest,11305.93455
55.0,male,,3.0,no,northwest,30063.58055
52.0,female,23.18,0.0,no,northeast,10197.7722
32.0,female,20.52,0.0,no,northeast,4544.2348
28.0,male,37.1,1.0,no,southwest,3277.161
41.0,female,28.05,1.0,,southeast,6770.1925
43.0,female,29.9,1.0,,southwest,7337.748
,female,33.345,2.0,no,northeast,10370.91255
64.0,male,23.76,,yes,southeast,26926.5144
55.0,,30.5,0.0,,southwest,10704.47
24.0,male,31.065,0.0,yes,northeast,34254.05335
20.0,female,33.3,0.0,no,southwest,1880.487
45.0,male,27.5,3.0,no,southwest,8615.3
26.0,male,33.915,1.0,no,northwest,3292.52985
25.0,female,,0.0,,northwest,3021.80915
43.0,male,25.52,5.0,no,southeast,
35.0,male,27.61,1.0,no,southeast,4747.0529
26.0,male,27.06,,yes,southeast,17043.3414
57.0,male,23.7,0.0,no,southwest,10959.33
22.0,female,30.4,0.0,no,northeast,2741.948
32.0,female,29.735,0.0,no,northwest,4357.04365
,male,29.925,1.0,yes,northeast,22462.04375
25.0,female,26.79,2.0,no,northwest,4189.1131
48.0,female,33.33,0.0,no,southeast,8283.6807
47.0,female,27.645,2.0,yes,northwest,24535.69855
18.0,female,21.66,0.0,yes,northeast,14283.4594
18.0,male,30.03,1.0,no,southeast,1720.3537
61.0,male,36.3,1.0,yes,southwest,47403.88
,female,24.32,0.0,no,northeast,8534.6718
28.0,female,17.29,0.0,no,northeast,3732.6251
36.0,female,25.9,1.0,,,5472.449
20.0,male,39.4,2.0,yes,southwest,38344.566
44.0,male,34.32,1.0,,southeast,7147.4728
38.0,female,19.95,2.0,no,northeast,7133.9025
19.0,male,34.9,0.0,yes,southwest,34828.654
21.0,,23.21,0.0,no,,1515.3449
46.0,male,25.745,3.0,no,northwest,9301.89355
58.0,male,,0.0,,,11931.12525
20.0,male,22.0,,no,southwest,
18.0,male,26.125,0.0,no,northeast,1708.92575
,female,26.51,2.0,no,southeast,4340.4409
33.0,male,27.455,2.0,,northwest,5261.46945
19.0,female,25.745,,no,northwest,2710.82855
45.0,male,30.36,0.0,yes,southeast,62592.87309
62.0,male,30.875,3.0,yes,northwest,46718.16325
25.0,female,20.8,1.0,no,southwest,3208.787
43.0,male,27.8,0.0,yes,southwest,37829.7242
42.0,male,24.605,2.0,yes,northeast,21259.37795
24.0,female,27.72,0.0,no,southeast,
29.0,female,21.85,0.0,,northeast,16115.3045
32.0,male,28.12,,yes,northwest,21472.4788
25.0,female,30.2,0.0,yes,southwest,33900.653
41.0,male,32.2,2.0,no,southwest,6875.961
42.0,male,26.315,1.0,no,northwest,6940.90985
33.0,female,26.695,,no,northwest,4571.41305
34.0,male,42.9,1.0,no,southwest,4536.259
19.0,female,34.7,2.0,yes,southwest,36397.576
30.0,female,23.655,3.0,yes,northwest,18765.87545
,male,28.31,1.0,no,,11272.33139
19.0,female,,0.0,no,southwest,1731.677
18.0,male,53.13,0.0,no,southeast,1163.4627
35.0,male,39.71,4.0,,northeast,19496.71917
39.0,female,26.315,,no,northwest,7201.70085
31.0,male,31.065,3.0,no,northwest,
,male,26.695,0.0,yes,northeast,28101.33305
62.0,male,38.83,0.0,no,southeast,12981.3457
42.0,female,40.37,2.0,yes,southeast,43896.3763
31.0,male,25.935,1.0,no,,
61.0,male,33.535,0.0,no,northeast,13143.33665
42.0,female,32.87,,no,,7050.0213
51.0,male,30.03,1.0,no,,9377.9047
23.0,female,24.225,2.0,no,northeast,22395.74424
52.0,male,38.6,2.0,no,southwest,10325.206
57.0,female,25.74,2.0,no,,12629.1656
23.0,female,33.4,0.0,no,southwest,10795.93733
52.0,female,44.7,3.0,no,southwest,11411.685
50.0,male,30.97,3.0,no,northwest,10600.5483
,female,31.92,0.0,,northeast,2205.9808
18.0,female,36.85,0.0,,southeast,1629.8335
21.0,female,,,no,southwest,2007.945
61.0,female,29.07,0.0,yes,northwest,29141.3603
